Entry,Gene_name,Entry_name,Protein_name,Length
A0A024R2B2,CDH7,A0A024R2B2_HUMAN,"Cadherin 7, type 2, isoform CRA_a",785
A0A024R8K7,ITGB4,A0A024R8K7_HUMAN,Integrin beta,1752
A0A024R8T0,ITGB4,A0A024R8T0_HUMAN,Integrin beta,1822
A0A024RC29,DSC3,A0A024RC29_HUMAN,"Desmocollin 3, isoform CRA_b",896
A0A024RC30,DSG3,A0A024RC30_HUMAN,"Desmoglein 3 (Pemphigus vulgaris antigen), isoform CRA_a",999
A0A024RC42,CDH2,A0A024RC42_HUMAN,"Cadherin 2, type 1, N-cadherin (Neuronal), isoform CRA_b",906
A0A024RDY3,LAMP1,A0A024RDY3_HUMAN,Potassium voltage-gated channel subfamily E member 1B,417
A0A087WTH5,KCNE1B,KCE1B_HUMAN,Potassium voltage-gated channel subfamily E member 1B,132
A0A087WTR7,CDH24,A0A087WTR7_HUMAN,highly similar to Cadherin-4,314
A0A087WX99,CDH4,A0A087WX99_HUMAN,similar to Cadherin-4,822
A0A087WXI5,CDH1,A0A087WXI5_HUMAN,similar to Cadherin-1,903
A0A0E3XJU3,CDH1,A0A0E3XJU3_HUMAN,similar to Cadherin-4,882
A0A0G2JRA4,CDH4,A0A0G2JRA4_HUMAN,Cadherin-4 (Fragment),566
A0A0U2N547,KIT,A0A0U2N547_HUMAN,Mast/stem cell growth factor receptor (EC 2.7.10.1),971
A0A0U2ZQU7,CDH1,A0A0U2ZQU7_HUMAN,E-cadherin 1 (Epididymis secretory sperm binding protein),882
A0A140VJM0,Unknown,A0A140VJM0_HUMAN,Testicular tissue protein Li 96 (Testicular tissue protein Li 98),1051
A0A384P5C6,Unknown,A0A384P5C6_HUMAN,similar to Desmocollin-2,723
A0A3B3ISU0,DSC2,A0A3B3ISU0_HUMAN,Transmembrane protein 131-like,758
A2VDJ0,TMEM131L,T131L_HUMAN,Transmembrane protein 131-like,1609
A3QNQ0,TGFBR2,A3QNQ0_HUMAN,Multiple epidermal growth factor-like domains protein 11,567
A6BM72,MEGF11,MEG11_HUMAN,Cadherin-related family member 4,1044
A6H8M9,CDHR4,CDHR4_HUMAN,Anthrax toxin receptor-like,788
A6NF34,ANTXRL,ANTRL_HUMAN,Metalloprotease TIKI2,631
A6NFA1,TRABD2B,TIKI2_HUMAN,Small integral membrane protein 9,517
A6NGZ8,SMIM9,SMIM9_HUMAN,Leukocyte immunoglobulin-like receptor subfamily A member 5,99
A6NI73,LILRA5,LIRA5_HUMAN,T-cell surface glycoprotein CD8 beta-2 chain,299
A6NJW9,CD8B2,CD8B2_HUMAN,Protein shisa-7,210
A6NL88,SHISA7,SHSA7_HUMAN,Sialic acid-binding Ig-like lectin 16,538
A6NMB1,SIGLEC16,SIG16_HUMAN,Sialic acid-binding Ig-like lectin 16 (Siglec-16) (Siglec-P16),481
A8K0L1,Unknown,A8K0L1_HUMAN,"cDNA FLJ77485, highly similar to Homo sapiens cadherin-like 24 (CDH24), transcript variant 2, mRNA",781
A8K0L9,Unknown,A8K0L9_HUMAN,"cDNA FLJ76999, highly similar to Homo sapiens cadherin-like 22 (CDH22), mRNA",828
A8K2C5,Unknown,A8K2C5_HUMAN,"cDNA FLJ78159, highly similar to Homo sapiens cadherin 20, type 2 (CDH20), mRNA",801
A8K2P8,Unknown,A8K2P8_HUMAN,CMRF35-like molecule 7,901
A8K4G0,CD300LB,CLM7_HUMAN,CMRF35-like molecule 7 (CLM-7),201
A8K6T3,Unknown,A8K6T3_HUMAN,"cDNA FLJ78674, highly similar to Homo sapiens desmocollin type 4",896
A8KAM8,Unknown,A8KAM8_HUMAN,Butyrophilin-like protein 10,1106
A8MVZ5,BTNL10,BTNLA_HUMAN,V-set and transmembrane domain-containing protein 5,291
A8MXK1,VSTM5,VSTM5_HUMAN,V-set and transmembrane domain-containing protein 5,200
A9X9K9,DSC2,A9X9K9_HUMAN,Desmocollin 2,901
A9X9L0,DSC2,A9X9L0_HUMAN,Desmocollin 3,901
B2R9J8,Unknown,B2R9J8_HUMAN,"cDNA, FLJ94427, highly similar to Homo sapiens cadherin 20, type 2 (CDH20), mRNA",801
B2RCN5,Unknown,B2RCN5_HUMAN,similar to Cadherin-12,916
B3KRT0,Unknown,B3KRT0_HUMAN,similar to Cadherin-9,404
B4DFP0,Unknown,B4DFP0_HUMAN,similar to Cadherin-3,382
B4DLF0,Unknown,B4DLF0_HUMAN,"cDNA FLJ50795, highly similar to Cadherin-3",774
B4DLJ5,Unknown,B4DLJ5_HUMAN,similar to Cadherin-11,912
B4DMA7,Unknown,B4DMA7_HUMAN,Protein shisa-9,779
B4DS77,SHISA9,SHSA9_HUMAN,similar to Cadherin-5,424
B4DTP0,Unknown,B4DTP0_HUMAN,"cDNA FLJ51087, highly similar to Cadherin-5",525
B4DU18,Unknown,B4DU18_HUMAN,T-cell-interacting%2C activating receptor on myeloid cells protein 1,750
B6A8C7,TARM1,TARM1_HUMAN,"T-cell-interacting, activating receptor on myeloid cells protein 1",271
C9JA99,PCDHA13,C9JA99_HUMAN,Protocadherin alpha-13,904
D2JYI1,TGFBR2,D2JYI1_HUMAN,TGF-beta receptor type-2 (TGFR-2) ,592
D3DPA4,ACVR1,D3DPA4_HUMAN,Serine/threonine-protein kinase receptor ,509
D3DSM0,ITGB2,D3DSM0_HUMAN,Integrin beta,712
D3XNU5,CDH1,D3XNU5_HUMAN,E-cadherin 1,882
D6RA20,PCDHA4,D6RA20_HUMAN,Protocadherin alpha-4,901
E9PD35,FLT4,E9PD35_HUMAN,name,1306
H3BN02,ITGAX,H3BN02_HUMAN,Integrin alpha-X,1169
H3BUU9,CDH11,H3BUU9_HUMAN,similar to Cadherin-11,670
J3KRI5,CDH8,J3KRI5_HUMAN,similar to Cadherin-8,744
L7RSL3,FLT1,L7RSL3_HUMAN,Fms-related tyrosine kinase 1 (Vascular endothelial growth factor/vascular permeability factor receptor),1338
L7RXH0,ITGAV,L7RXH0_HUMAN,"Integrin, alpha V",1048
O00168,FXYD1,PLM_HUMAN,Phospholemman,92
O00206,TLR4,TLR4_HUMAN,Toll-like receptor 4,839
O00220,TNFRSF10A,TR10A_HUMAN,Tumor necrosis factor receptor superfamily member 10A,468
O00238,BMPR1B,BMR1B_HUMAN,Bone morphogenetic protein receptor type-1B,502
O00241,SIRPB1,SIRB1_HUMAN,Signal-regulatory protein beta-1,398
O00478,BTN3A3,BT3A3_HUMAN,Butyrophilin subfamily 3 member A3,584
O00481,BTN3A1,BT3A1_HUMAN,Butyrophilin subfamily 3 member A1,513
O00526,UPK2,UPK2_HUMAN,Uroplakin-2,184
O00533,CHL1,NCHL1_HUMAN,Neural cell adhesion molecule L1-like protein,1208
O00548,DLL1,DLL1_HUMAN,Delta-like protein 1,723
O00592,PODXL,PODXL_HUMAN,Podocalyxin,558
O14511,NRG2,NRG2_HUMAN,Pro-neuregulin-2%2C membrane-bound isoform,850
O14522,PTPRT,PTPRT_HUMAN,Receptor-type tyrosine-protein phosphatase T,1441
O14668,PRRG1,TMG1_HUMAN,Transmembrane gamma-carboxyglutamic acid protein 1,218
O14669,PRRG2,TMG2_HUMAN,Transmembrane gamma-carboxyglutamic acid protein 2,202
O14672,ADAM10,ADA10_HUMAN,Disintegrin and metalloproteinase domain-containing protein 10,748
O14763,TNFRSF10B,TR10B_HUMAN,Tumor necrosis factor receptor superfamily member 10B,440
O14786,NRP1,NRP1_HUMAN,Neuropilin-1,923
O14917,PCDH17,PCD17_HUMAN,Protocadherin-17,1159
O14931,NCR3,NCTR3_HUMAN,Natural cytotoxicity triggering receptor 3,201
O14944,EREG,EREG_HUMAN,Proepiregulin,169
O15031,PLXNB2,PLXB2_HUMAN,Plexin-B2,1838
O15146,MUSK,MUSK_HUMAN,Muscle%2C skeletal receptor tyrosine-protein kinase,869
O15197,EPHB6,EPHB6_HUMAN,Ephrin type-B receptor 6,1021
O15389,SIGLEC5,SIGL5_HUMAN,Sialic acid-binding Ig-like lectin 5,551
O15394,NCAM2,NCAM2_HUMAN,Neural cell adhesion molecule 2,837
O15455,TLR3,TLR3_HUMAN,Toll-like receptor 3,904
O42043,ERVK-18,ENK18_HUMAN,Endogenous retrovirus group K member 18 Env polyprotein,560
O43157,PLXNB1,PLXB1_HUMAN,Plexin-B1,2135
O43184,ADAM12,ADA12_HUMAN,Disintegrin and metalloproteinase domain-containing protein 12,909
O43291,SPINT2,SPIT2_HUMAN,Kunitz-type protease inhibitor 2,252
O43300,LRRTM2,LRRT2_HUMAN,Leucine-rich repeat transmembrane neuronal protein 2,516
O43493,TGOLN2,TGON2_HUMAN,Trans-Golgi network integral membrane protein 2,437
O43506,ADAM20,ADA20_HUMAN,Disintegrin and metalloproteinase domain-containing protein 20,726
O43570,CA12,CAH12_HUMAN,Carbonic anhydrase 12,354
O43699,SIGLEC6,SIGL6_HUMAN,Sialic acid-binding Ig-like lectin 6,453
O43914,TYROBP,TYOBP_HUMAN,TYRO protein tyrosine kinase-binding protein,113
O60245,PCDH7,PCDH7_HUMAN,Protocadherin-7,1069
O60330,PCDHGA12,PCDGC_HUMAN,Protocadherin gamma-A12,932
O60449,LY75,LY75_HUMAN,Lymphocyte antigen 75,1722
O60462,NRP2,NRP2_HUMAN,Neuropilin-2,931
O60469,DSCAM,DSCAM_HUMAN,Down syndrome cell adhesion molecule,2012
O60486,PLXNC1,PLXC1_HUMAN,Plexin-C1,1568
O60487,MPZL2,MPZL2_HUMAN,Myelin protein zero-like protein 2,215
O60500,NPHS1,NPHN_HUMAN,Nephrin,1241
O60602,TLR5,TLR5_HUMAN,Toll-like receptor 5,858
O60603,TLR2,TLR2_HUMAN,Toll-like receptor 2,784
O60894,RAMP1,RAMP1_HUMAN,Receptor activity-modifying protein 1,148
O60895,RAMP2,RAMP2_HUMAN,Receptor activity-modifying protein 2,175
O60896,RAMP3,RAMP3_HUMAN,Receptor activity-modifying protein 3,148
O60939,SCN2B,SCN2B_HUMAN,Sodium channel subunit beta-2,215
O71037,ERVK-19,ENK19_HUMAN,Endogenous retrovirus group K member 19 Env polyprotein,699
O75019,LILRA1,LIRA1_HUMAN,Leukocyte immunoglobulin-like receptor subfamily A member 1,489
O75022,LILRB3,LIRB3_HUMAN,Leukocyte immunoglobulin-like receptor subfamily B member 3,631
O75051,PLXNA2,PLXA2_HUMAN,Plexin-A2,1894
O75056,SDC3,SDC3_HUMAN,Syndecan-3,442
O75077,ADAM23,ADA23_HUMAN,Disintegrin and metalloproteinase domain-containing protein 23,832
O75078,ADAM11,ADA11_HUMAN,Disintegrin and metalloproteinase domain-containing protein 11,769
O75096,LRP4,LRP4_HUMAN,Low-density lipoprotein receptor-related protein 4,1905
O75121,MFAP3L,MFA3L_HUMAN,Microfibrillar-associated protein 3-like,409
O75144,ICOSLG,ICOSL_HUMAN,ICOS ligand,302
O75197,LRP5,LRP5_HUMAN,Low-density lipoprotein receptor-related protein 5,1615
O75309,CDH16,CAD16_HUMAN,Cadherin-16,829
O75445,USH2A,USH2A_HUMAN,Usherin,5202
O75509,TNFRSF21,TNR21_HUMAN,Tumor necrosis factor receptor superfamily member 21,655
O75578,ITGA10,ITA10_HUMAN,Integrin alpha-10,1167
O75581,LRP6,LRP6_HUMAN,Low-density lipoprotein receptor-related protein 6,1613
O75631,UPK3A,UPK3A_HUMAN,Uroplakin-3a,287
O75787,ATP6AP2,RENR_HUMAN,Renin receptor,350
O75871,CEACAM4,CEAM4_HUMAN,Carcinoembryonic antigen-related cell adhesion molecule 4,244
O75882,ATRN,ATRN_HUMAN,Attractin,1429
O75976,CPD,CBPD_HUMAN,Carboxypeptidase D,1380
O76036,NCR1,NCTR1_HUMAN,Natural cytotoxicity triggering receptor 1,304
O76095,JTB,JTB_HUMAN,Protein JTB,146
O94856,NFASC,NFASC_HUMAN,Neurofascin,1347
O94898,LRIG2,LRIG2_HUMAN,Leucine-rich repeats and immunoglobulin-like domains protein 2,1065
O94933,SLITRK3,SLIK3_HUMAN,SLIT and NTRK-like protein 3,977
O94985,CLSTN1,CSTN1_HUMAN,Calsyntenin-1,981
O94991,SLITRK5,SLIK5_HUMAN,SLIT and NTRK-like protein 5,958
O95185,UNC5C,UNC5C_HUMAN,Netrin receptor UNC5C,931
O95196,CSPG5,CSPG5_HUMAN,Chondroitin sulfate proteoglycan 5,566
O95206,PCDH8,PCDH8_HUMAN,Protocadherin-8,1070
O95256,IL18RAP,I18RA_HUMAN,Interleukin-18 receptor accessory protein,599
O95297,MPZL1,MPZL1_HUMAN,Myelin protein zero-like protein 1,269
O95727,CRTAM,CRTAM_HUMAN,Cytotoxic and regulatory T-cell molecule,393
O95754,SEMA4F,SEM4F_HUMAN,Semaphorin-4F,770
O95866,MPIG6B,G6B_HUMAN,Megakaryocyte and platelet inhibitory receptor G6b,241
O95944,NCR2,NCTR2_HUMAN,Natural cytotoxicity triggering receptor 2,276
O95976,IGSF6,IGSF6_HUMAN,Immunoglobulin superfamily member 6,241
P00533,EGFR,EGFR_HUMAN,Epidermal growth factor receptor,1210
P01130,LDLR,LDLR_HUMAN,Low-density lipoprotein receptor,860
P01133,EGF,EGF_HUMAN,Pro-epidermal growth factor,1207
P01135,TGFA,TGFA_HUMAN,Protransforming growth factor alpha,160
P01589,IL2RA,IL2RA_HUMAN,Interleukin-2 receptor subunit alpha,272
P01730,CD4,CD4_HUMAN,T-cell surface glycoprotein CD4,458
P01732,CD8A,CD8A_HUMAN,T-cell surface glycoprotein CD8 alpha chain,235
P01833,PIGR,PIGR_HUMAN,Polymeric immunoglobulin receptor,764
P01871,IGHM,IGHM_HUMAN,Immunoglobulin heavy constant mu,453
P01880,IGHD,IGHD_HUMAN,Immunoglobulin heavy constant delta,384
P01889,HLA-B,HLAB_HUMAN,HLA class I histocompatibility antigen%2C B alpha chain,362
P01903,HLA-DRA,DRA_HUMAN,HLA class II histocompatibility antigen%2C DR alpha chain,254
P01906,HLA-DQA2,DQA2_HUMAN,HLA class II histocompatibility antigen%2C DQ alpha 2 chain,255
P01909,HLA-DQA1,DQA1_HUMAN,HLA class II histocompatibility antigen%2C DQ alpha 1 chain,254
P01911,HLA-DRB1,DRB_HUMAN,HLA class II histocompatibility antigen%2C DRB1 beta chain,266
P01920,HLA-DQB1,DQB1_HUMAN,HLA class II histocompatibility antigen%2C DQ beta 1 chain,261
P02724,GYPA,GLPA_HUMAN,Glycophorin-A,150
P03372,ESR1,ESR1_HUMAN,Estrogen receptor,595
P04234,CD3D,CD3D_HUMAN,T-cell surface glycoprotein CD3 delta chain,171
P04439,HLA-A,HLAA_HUMAN,HLA class I histocompatibility antigen%2C A alpha chain,365
P04440,HLA-DPB1,DPB1_HUMAN,HLA class II histocompatibility antigen%2C DP beta 1 chain,258
P04626,ERBB2,ERBB2_HUMAN,Receptor tyrosine-protein kinase erbB-2,1255
P04629,NTRK1,NTRK1_HUMAN,High affinity nerve growth factor receptor,796
P05067,APP,A4_HUMAN,Amyloid-beta precursor protein,770
P05106,ITGB3,ITB3_HUMAN,Integrin beta-3,788
P05107,ITGB2,ITB2_HUMAN,Integrin beta-2,769
P05362,ICAM1,ICAM1_HUMAN,Intercellular adhesion molecule 1,532
P05538,HLA-DQB2,DQB2_HUMAN,HLA class II histocompatibility antigen%2C DQ beta 2 chain,268
P05556,ITGB1,ITB1_HUMAN,Integrin beta-1,798
P06028,GYPB,GLPB_HUMAN,Glycophorin-B,91
P06126,CD1A,CD1A_HUMAN,T-cell surface glycoprotein CD1a,327
P06127,CD5,CD5_HUMAN,T-cell surface glycoprotein CD5,495
P06213,INSR,INSR_HUMAN,Insulin receptor subunit alpha,1382
P06340,HLA-DOA,DOA_HUMAN,HLA class II histocompatibility antigen%2C DO alpha chain,250
P06729,CD2,CD2_HUMAN,T-cell surface antigen CD2,351
P06756,ITGAV,ITAV_HUMAN,Integrin alpha-V,1048
P07202,TPO,PERT_HUMAN,Thyroid peroxidase,933
P07204,THBD,TRBM_HUMAN,Thrombomodulin,575
P07333,CSF1R,CSF1R_HUMAN,Macrophage colony-stimulating factor 1 receptor,972
P07359,GP1BA,GP1BA_HUMAN,Platelet glycoprotein Ib alpha chain,652
P07766,CD3E,CD3E_HUMAN,T-cell surface glycoprotein CD3 epsilon chain,207
P07949,RET,RET_HUMAN,Proto-oncogene tyrosine-protein kinase receptor Ret,1114
P08069,IGF1R,IGF1R_HUMAN,Insulin-like growth factor 1 receptor alpha chain,1367
P08138,NGFR,TNR16_HUMAN,Tumor necrosis factor receptor superfamily member 16,427
P08174,CD55,DAF_HUMAN,Complement decay-accelerating factor,381
P08514,ITGA2B,ITA2B_HUMAN,Integrin alpha-IIb,1039
P08575,PTPRC,PTPRC_HUMAN,Receptor-type tyrosine-protein phosphatase C,1306
P08581,MET,MET_HUMAN,Hepatocyte growth factor receptor,1390
P08637,FCGR3A,FCG3A_HUMAN,Low affinity immunoglobulin gamma Fc region receptor III-A,254
P08648,ITGA5,ITA5_HUMAN,Integrin alpha-5,1049
P08887,IL6R,IL6RA_HUMAN,Interleukin-6 receptor subunit alpha,468
P08922,ROS1,ROS1_HUMAN,Proto-oncogene tyrosine-protein kinase ROS,2347
P08F94,PKHD1,PKHD1_HUMAN,Fibrocystin,4074
P09564,CD7,CD7_HUMAN,T-cell antigen CD7,240
P09603,CSF1,CSF1_HUMAN,Macrophage colony-stimulating factor 1,554
P09619,PDGFRB,PGFRB_HUMAN,Platelet-derived growth factor receptor beta,1106
P09693,CD3G,CD3G_HUMAN,T-cell surface glycoprotein CD3 gamma chain,182
P09758,TACSTD2,TACD2_HUMAN,Tumor-associated calcium signal transducer 2,323
P09848,LCT,LPH_HUMAN,Lactase-phlorizin hydrolase,1927
P09958,FURIN,FURIN_HUMAN,Furin,794
P10321,HLA-C,HLAC_HUMAN,HLA class I histocompatibility antigen%2C C alpha chain,366
P10586,PTPRF,PTPRF_HUMAN,Receptor-type tyrosine-protein phosphatase F,1907
P10721,KIT,KIT_HUMAN,Mast/stem cell growth factor receptor Kit,976
P10747,CD28,CD28_HUMAN,T-cell-specific surface glycoprotein CD28,220
P10912,GHR,GHR_HUMAN,Growth hormone receptor,638
P10966,CD8B,CD8B_HUMAN,T-cell surface glycoprotein CD8 beta chain,210
P11215,ITGAM,ITAM_HUMAN,Integrin alpha-M,1152
P11279,LAMP1,LAMP1_HUMAN,Lysosome-associated membrane glycoprotein 1,417
P11362,FGFR1,FGFR1_HUMAN,Fibroblast growth factor receptor 1,822
P11717,IGF2R,MPRI_HUMAN,Cation-independent mannose-6-phosphate receptor,2491
P11912,CD79A,CD79A_HUMAN,B-cell antigen receptor complex-associated protein alpha chain,226
P12314,FCGR1A,FCGR1_HUMAN,High affinity immunoglobulin gamma Fc receptor I,374
P12318,FCGR2A,FCG2A_HUMAN,Low affinity immunoglobulin gamma Fc region receptor II-a,317
P12319,FCER1A,FCERA_HUMAN,High affinity immunoglobulin epsilon receptor subunit alpha,257
P12821,ACE,ACE_HUMAN,Angiotensin-converting enzyme,1306
P12830,CDH1,CADH1_HUMAN,Cadherin-1,882
P13224,GP1BB,GP1BB_HUMAN,Platelet glycoprotein Ib beta chain,206
P13473,LAMP2,LAMP2_HUMAN,Lysosome-associated membrane glycoprotein 2,410
P13591,NCAM1,NCAM1_HUMAN,Neural cell adhesion molecule 1,858
P13598,ICAM2,ICAM2_HUMAN,Intercellular adhesion molecule 2,275
P13612,ITGA4,ITA4_HUMAN,Integrin alpha-4,1032
P13688,CEACAM1,CEAM1_HUMAN,Carcinoembryonic antigen-related cell adhesion molecule 1,526
P13726,F3,TF_HUMAN,Tissue factor,295
P13747,HLA-E,HLAE_HUMAN,HLA class I histocompatibility antigen%2C alpha chain E,358
P13762,HLA-DRB4,DRB4_HUMAN,HLA class II histocompatibility antigen%2C DR beta 4 chain,266
P14151,SELL,LYAM1_HUMAN,L-selectin,372
P14209,CD99,CD99_HUMAN,CD99 antigen,185
P14616,INSRR,INSRR_HUMAN,Insulin receptor-related protein,1297
P14770,GP9,GPIX_HUMAN,Platelet glycoprotein IX,177
P14778,IL1R1,IL1R1_HUMAN,Interleukin-1 receptor type 1%2C membrane form,569
P14784,IL2RB,IL2RB_HUMAN,Interleukin-2 receptor subunit beta,551
P15151,PVR,PVR_HUMAN,Poliovirus receptor,417
P15260,IFNGR1,INGR1_HUMAN,Interferon gamma receptor 1,489
P15309,ACP3,PPAP_HUMAN,Prostatic acid phosphatase,386
P15382,KCNE1,KCNE1_HUMAN,Potassium voltage-gated channel subfamily E member 1,129
P15391,CD19,CD19_HUMAN,B-lymphocyte antigen CD19,556
P15421,GYPE,GLPE_HUMAN,Glycophorin-E,78
P15509,CSF2RA,CSF2R_HUMAN,Granulocyte-macrophage colony-stimulating factor receptor subunit alpha,400
P15529,CD46,MCP_HUMAN,Membrane cofactor protein,392
P15812,CD1E,CD1E_HUMAN,T-cell surface glycoprotein CD1e%2C membrane-associated,388
P15813,CD1D,CD1D_HUMAN,Antigen-presenting glycoprotein CD1d,335
P15941,MUC1,MUC1_HUMAN,Mucin-1,1255
P16066,NPR1,ANPRA_HUMAN,Atrial natriuretic peptide receptor 1,1061
P16070,CD44,CD44_HUMAN,CD44 antigen,742
P16109,SELP,LYAM3_HUMAN,P-selectin,830
P16144,ITGB4,ITB4_HUMAN,Integrin beta-4,1822
P16150,SPN,LEUK_HUMAN,Leukosialin,400
P16234,PDGFRA,PGFRA_HUMAN,Platelet-derived growth factor receptor alpha,1089
P16284,PECAM1,PECA1_HUMAN,Platelet endothelial cell adhesion molecule,738
P16410,CTLA4,CTLA4_HUMAN,Cytotoxic T-lymphocyte protein 4,223
P16422,EPCAM,EPCAM_HUMAN,Epithelial cell adhesion molecule,314
P16471,PRLR,PRLR_HUMAN,Prolactin receptor,622
P16581,SELE,LYAM2_HUMAN,E-selectin,610
P16871,IL7R,IL7RA_HUMAN,Interleukin-7 receptor subunit alpha,459
P17181,IFNAR1,INAR1_HUMAN,Interferon alpha/beta receptor 1,557
P17301,ITGA2,ITA2_HUMAN,Integrin alpha-2,1181
P17342,NPR3,ANPRC_HUMAN,Atrial natriuretic peptide receptor 3,541
P17693,HLA-G,HLAG_HUMAN,HLA class I histocompatibility antigen%2C alpha chain G,338
P17813,ENG,EGLN_HUMAN,Endoglin,658
P17927,CR1,CR1_HUMAN,Complement receptor type 1,2039
P17948,FLT1,VGFR1_HUMAN,Vascular endothelial growth factor receptor 1,1338
P18084,ITGB5,ITB5_HUMAN,Integrin beta-5,799
P18433,PTPRA,PTPRA_HUMAN,Receptor-type tyrosine-protein phosphatase alpha,802
P18564,ITGB6,ITB6_HUMAN,Integrin beta-6,788
P18627,LAG3,LAG3_HUMAN,Lymphocyte activation gene 3 protein,525
P18827,SDC1,SDC1_HUMAN,Syndecan-1,310
P19021,PAM,AMD_HUMAN,Peptidyl-glycine alpha-amidating monooxygenase,973
P19022,CDH2,CADH2_HUMAN,Cadherin-2,906
P19235,EPOR,EPOR_HUMAN,Erythropoietin receptor,508
P19256,CD58,LFA3_HUMAN,Lymphocyte function-associated antigen 3,250
P19320,VCAM1,VCAM1_HUMAN,Vascular cell adhesion protein 1,739
P19438,TNFRSF1A,TNR1A_HUMAN,Tumor necrosis factor receptor superfamily member 1A%2C membrane form,455
P20023,CR2,CR2_HUMAN,Complement receptor type 2,1033
P20036,HLA-DPA1,DPA1_HUMAN,HLA class II histocompatibility antigen%2C DP alpha 1 chain,260
P20138,CD33,CD33_HUMAN,Myeloid cell surface antigen CD33,364
P20273,CD22,CD22_HUMAN,B-cell receptor CD22,847
P20333,TNFRSF1B,TNR1B_HUMAN,Tumor necrosis factor receptor superfamily member 1b%2C membrane form,461
P20594,NPR2,ANPRB_HUMAN,Atrial natriuretic peptide receptor 2,1047
P20645,M6PR,MPRD_HUMAN,Cation-dependent mannose-6-phosphate receptor,277
P20701,ITGAL,ITAL_HUMAN,Integrin alpha-L,1170
P20702,ITGAX,ITAX_HUMAN,Integrin alpha-X,1163
P20916,MAG,MAG_HUMAN,Myelin-associated glycoprotein,626
P20963,CD247,CD3Z_HUMAN,T-cell surface glycoprotein CD3 zeta chain,164
P21583,KITLG,SCF_HUMAN,Kit ligand,273
P21709,EPHA1,EPHA1_HUMAN,Ephrin type-A receptor 1,976
P21754,ZP3,ZP3_HUMAN,Zona pellucida sperm-binding protein 3,424
P21802,FGFR2,FGFR2_HUMAN,Fibroblast growth factor receptor 2,821
P21860,ERBB3,ERBB3_HUMAN,Receptor tyrosine-protein kinase erbB-3,1342
P22223,CDH3,CADH3_HUMAN,Cadherin-3,829
P22455,FGFR4,FGFR4_HUMAN,Fibroblast growth factor receptor 4,802
P22607,FGFR3,FGFR3_HUMAN,Fibroblast growth factor receptor 3,806
P22897,MRC1,MRC1_HUMAN,Macrophage mannose receptor 1,1456
P23229,ITGA6,ITA6_HUMAN,Integrin alpha-6,1130
P23467,PTPRB,PTPRB_HUMAN,Receptor-type tyrosine-protein phosphatase beta,1997
P23468,PTPRD,PTPRD_HUMAN,Receptor-type tyrosine-protein phosphatase delta,1912
P23469,PTPRE,PTPRE_HUMAN,Receptor-type tyrosine-protein phosphatase epsilon,700
P23470,PTPRG,PTPRG_HUMAN,Receptor-type tyrosine-protein phosphatase gamma,1445
P23471,PTPRZ1,PTPRZ_HUMAN,Receptor-type tyrosine-protein phosphatase zeta,2315
P24071,FCAR,FCAR_HUMAN,Immunoglobulin alpha Fc receptor,287
P24394,IL4R,IL4RA_HUMAN,Interleukin-4 receptor subunit alpha,825
P25092,GUCY2C,GUC2C_HUMAN,Heat-stable enterotoxin receptor,1073
P25189,MPZ,MYP0_HUMAN,Myelin protein P0,248
P25445,FAS,TNR6_HUMAN,Tumor necrosis factor receptor superfamily member 6,335
P25942,CD40,TNR5_HUMAN,Tumor necrosis factor receptor superfamily member 5,277
P26006,ITGA3,ITA3_HUMAN,Integrin alpha-3,1051
P26010,ITGB7,ITB7_HUMAN,Integrin beta-7,798
P26012,ITGB8,ITB8_HUMAN,Integrin beta-8,769
P26842,CD27,CD27_HUMAN,CD27 antigen,260
P26951,IL3RA,IL3RA_HUMAN,Interleukin-3 receptor subunit alpha,378
P27037,ACVR2A,AVR2A_HUMAN,Activin receptor type-2A,513
P27930,IL1R2,IL1R2_HUMAN,Interleukin-1 receptor type 2%2C membrane form,398
P28827,PTPRM,PTPRM_HUMAN,Receptor-type tyrosine-protein phosphatase mu,1452
P28906,CD34,CD34_HUMAN,Hematopoietic progenitor cell antigen CD34,385
P28908,TNFRSF8,TNR8_HUMAN,Tumor necrosis factor receptor superfamily member 8,595
P29016,CD1B,CD1B_HUMAN,T-cell surface glycoprotein CD1b,333
P29017,CD1C,CD1C_HUMAN,T-cell surface glycoprotein CD1c,333
P29317,EPHA2,EPHA2_HUMAN,Ephrin type-A receptor 2,976
P29320,EPHA3,EPHA3_HUMAN,Ephrin type-A receptor 3,983
P29322,EPHA8,EPHA8_HUMAN,Ephrin type-A receptor 8,1005
P29323,EPHB2,EPHB2_HUMAN,Ephrin type-B receptor 2,1055
P29376,LTK,LTK_HUMAN,Leukocyte tyrosine kinase receptor,864
P30203,CD6,CD6_HUMAN,T-cell differentiation antigen CD6,668
P30273,FCER1G,FCERG_HUMAN,High affinity immunoglobulin epsilon receptor subunit gamma,86
P30511,HLA-F,HLAF_HUMAN,HLA class I histocompatibility antigen%2C alpha chain F,346
P30530,AXL,UFO_HUMAN,Tyrosine-protein kinase receptor UFO,894
P31431,SDC4,SDC4_HUMAN,Syndecan-4,198
P31785,IL2RG,IL2RG_HUMAN,Cytokine receptor common subunit gamma,369
P31994,FCGR2B,FCG2B_HUMAN,Low affinity immunoglobulin gamma Fc region receptor II-b,310
P31995,FCGR2C,FCG2C_HUMAN,Low affinity immunoglobulin gamma Fc region receptor II-c,323
P32004,L1CAM,L1CAM_HUMAN,Neural cell adhesion molecule L1,1257
P32926,DSG3,DSG3_HUMAN,Desmoglein-3,999
P32927,CSF2RB,IL3RB_HUMAN,Cytokine receptor common subunit beta,897
P32942,ICAM3,ICAM3_HUMAN,Intercellular adhesion molecule 3,547
P33151,CDH5,CADH5_HUMAN,Cadherin-5,784
P33681,CD80,CD80_HUMAN,T-lymphocyte activation antigen CD80,288
P34741,SDC2,SDC2_HUMAN,Syndecan-2,201
P34810,CD68,CD68_HUMAN,Macrosialin,354
P34910,EVI2B,EVI2B_HUMAN,Protein EVI2B,448
P34925,RYK,RYK_HUMAN,Tyrosine-protein kinase RYK,607
P35070,BTC,BTC_HUMAN,Probetacellulin,178
P35590,TIE1,TIE1_HUMAN,Tyrosine-protein kinase receptor Tie-1,1138
P35613,BSG,BASI_HUMAN,Basigin,385
P35916,FLT4,VGFR3_HUMAN,Vascular endothelial growth factor receptor 3,1363
P35968,KDR,VGFR2_HUMAN,Vascular endothelial growth factor receptor 2,1356
P36888,FLT3,FLT3_HUMAN,Receptor-type tyrosine-protein kinase FLT3,993
P36894,BMPR1A,BMR1A_HUMAN,Bone morphogenetic protein receptor type-1A,532
P36896,ACVR1B,ACV1B_HUMAN,Activin receptor type-1B,505
P36897,TGFBR1,TGFR1_HUMAN,TGF-beta receptor type-1,503
P36941,LTBR,TNR3_HUMAN,Tumor necrosis factor receptor superfamily member 3,435
P37023,ACVRL1,ACVL1_HUMAN,Serine/threonine-protein kinase receptor R3,503
P37173,TGFBR2,TGFR2_HUMAN,TGF-beta receptor type-2,567
P38484,IFNGR2,INGR2_HUMAN,Interferon gamma receptor 2,337
P38570,ITGAE,ITAE_HUMAN,Integrin alpha-E,1179
P39656,DDOST,OST48_HUMAN,Dolichyl-diphosphooligosaccharide--protein glycosyltransferase 48 kDa subunit,456
P40126,DCT,TYRP2_HUMAN,L-dopachrome tautomerase,519
P40189,IL6ST,IL6RB_HUMAN,Interleukin-6 receptor subunit beta,918
P40197,GP5,GPV_HUMAN,Platelet glycoprotein V,560
P40198,CEACAM3,CEAM3_HUMAN,Carcinoembryonic antigen-related cell adhesion molecule 3,252
P40200,CD96,TACT_HUMAN,T-cell surface protein tactile,585
P40238,MPL,TPOR_HUMAN,Thrombopoietin receptor,635
P40259,CD79B,CD79B_HUMAN,B-cell antigen receptor complex-associated protein beta chain,229
P40967,PMEL,PMEL_HUMAN,Melanocyte protein PMEL,661
P41217,CD200,OX2G_HUMAN,OX-2 membrane glycoprotein,278
P42081,CD86,CD86_HUMAN,T-lymphocyte activation antigen CD86,329
P42701,IL12RB1,I12R1_HUMAN,Interleukin-12 receptor subunit beta-1,662
P42702,LIFR,LIFR_HUMAN,Leukemia inhibitory factor receptor,1097
P43121,MCAM,MUC18_HUMAN,Cell surface glycoprotein MUC18,646
P43146,DCC,DCC_HUMAN,Netrin receptor DCC,1447
P43489,TNFRSF4,TNR4_HUMAN,Tumor necrosis factor receptor superfamily member 4,277
P43626,KIR2DL1,KI2L1_HUMAN,Killer cell immunoglobulin-like receptor 2DL1,348
P43627,KIR2DL2,KI2L2_HUMAN,Killer cell immunoglobulin-like receptor 2DL2,348
P43628,KIR2DL3,KI2L3_HUMAN,Killer cell immunoglobulin-like receptor 2DL3,341
P43629,KIR3DL1,KI3L1_HUMAN,Killer cell immunoglobulin-like receptor 3DL1,444
P43630,KIR3DL2,KI3L2_HUMAN,Killer cell immunoglobulin-like receptor 3DL2,455
P43631,KIR2DS2,KI2S2_HUMAN,Killer cell immunoglobulin-like receptor 2DS2,304
P43632,KIR2DS4,KI2S4_HUMAN,Killer cell immunoglobulin-like receptor 2DS4,304
P46531,NOTCH1,NOTC1_HUMAN,Neurogenic locus notch homolog protein 1,2555
P48357,LEPR,LEPR_HUMAN,Leptin receptor,1165
P48551,IFNAR2,INAR2_HUMAN,Interferon alpha/beta receptor 2,515
P49755,TMED10,TMEDA_HUMAN,Transmembrane emp24 domain-containing protein 10,219
P49771,FLT3LG,FLT3L_HUMAN,Fms-related tyrosine kinase 3 ligand,235
P50281,MMP14,MMP14_HUMAN,Matrix metalloproteinase-14,582
P50895,BCAM,BCAM_HUMAN,Basal cell adhesion molecule,628
P51511,MMP15,MMP15_HUMAN,Matrix metalloproteinase-15,669
P51512,MMP16,MMP16_HUMAN,Matrix metalloproteinase-16,607
P51693,APLP1,APLP1_HUMAN,Amyloid-like protein 1,650
P51805,PLXNA3,PLXA3_HUMAN,Plexin-A3,1871
P51841,GUCY2F,GUC2F_HUMAN,Retinal guanylyl cyclase 2,1108
P52799,EFNB2,EFNB2_HUMAN,Ephrin-B2,333
P53708,ITGA8,ITA8_HUMAN,Integrin alpha-8,1063
P54289,CACNA2D1,CA2D1_HUMAN,Voltage-dependent calcium channel subunit alpha-2/delta-1,1103
P54753,EPHB3,EPHB3_HUMAN,Ephrin type-B receptor 3,998
P54756,EPHA5,EPHA5_HUMAN,Ephrin type-A receptor 5,1037
P54760,EPHB4,EPHB4_HUMAN,Ephrin type-B receptor 4,987
P54762,EPHB1,EPHB1_HUMAN,Ephrin type-B receptor 1,984
P54764,EPHA4,EPHA4_HUMAN,Ephrin type-A receptor 4,986
P55082,MFAP3,MFAP3_HUMAN,Microfibril-associated glycoprotein 3,362
P55283,CDH4,CADH4_HUMAN,Cadherin-4,916
P55285,CDH6,CADH6_HUMAN,Cadherin-6,790
P55286,CDH8,CADH8_HUMAN,Cadherin-8,799
P55287,CDH11,CAD11_HUMAN,Cadherin-11,796
P55289,CDH12,CAD12_HUMAN,Cadherin-12,794
P55291,CDH15,CAD15_HUMAN,Cadherin-15,814
P55808,XG,XG_HUMAN,Glycoprotein Xg,180
P55899,FCGRT,FCGRN_HUMAN,PMID:15340161,365
P56199,ITGA1,ITA1_HUMAN,Integrin alpha-1,1179
P56817,BACE1,BACE1_HUMAN,Beta-secretase 1,501
P56975,NRG3,NRG3_HUMAN,Pro-neuregulin-3%2C membrane-bound isoform,720
P57087,JAM2,JAM2_HUMAN,Junctional adhesion molecule B,298
P58335,ANTXR2,ANTR2_HUMAN,Anthrax toxin receptor 2,489
P58400,NRXN1,NRX1B_HUMAN,Neurexin-1-beta,472
P58401,NRXN2,NRX2B_HUMAN,Neurexin-2-beta,666
P59646,FXYD4,FXYD4_HUMAN,FXYD domain-containing ion transport regulator 4,89
P59901,LILRA4,LIRA4_HUMAN,Leukocyte immunoglobulin-like receptor subfamily A member 4,499
P60852,ZP1,ZP1_HUMAN,Zona pellucida sperm-binding protein 1,638
P61565,ERVK-21,ENK21_HUMAN,Endogenous retrovirus group K member 21 Env polyprotein,698
P61566,ERVK-24,ENK24_HUMAN,Endogenous retrovirus group K member 24 Env polyprotein,588
P78310,CXADR,CXAR_HUMAN,Coxsackievirus and adenovirus receptor,365
P78324,SIRPA,SHPS1_HUMAN,Tyrosine-protein phosphatase non-receptor type substrate 1,504
P78325,ADAM8,ADAM8_HUMAN,Disintegrin and metalloproteinase domain-containing protein 8,824
P78357,CNTNAP1,CNTP1_HUMAN,Contactin-associated protein 1,1384
P78410,BTN3A2,BT3A2_HUMAN,Butyrophilin subfamily 3 member A2,334
P78423,CX3CL1,X3CL1_HUMAN,Fractalkine,397
P78504,JAG1,JAG1_HUMAN,Protein jagged-1,1218
P78536,ADAM17,ADA17_HUMAN,Disintegrin and metalloproteinase domain-containing protein 17,824
P78552,IL13RA1,I13R1_HUMAN,Interleukin-13 receptor subunit alpha-1,427
P79483,HLA-DRB3,DRB3_HUMAN,HLA class II histocompatibility antigen%2C DR beta 3 chain,266
P82279,CRB1,CRUM1_HUMAN,Protein crumbs homolog 1,1406
P98155,VLDLR,VLDLR_HUMAN,Very low-density lipoprotein receptor,873
P98164,LRP2,LRP2_HUMAN,Low-density lipoprotein receptor-related protein 2,4655
P98172,EFNB1,EFNB1_HUMAN,Ephrin-B1,346
Q01113,IL9R,IL9R_HUMAN,Interleukin-9 receptor,521
Q01151,CD83,CD83_HUMAN,CD83 antigen,205
Q01344,IL5RA,IL5RA_HUMAN,Interleukin-5 receptor subunit alpha,420
Q01638,IL1RL1,ILRL1_HUMAN,Interleukin-1 receptor-like 1,556
Q01973,ROR1,ROR1_HUMAN,Inactive tyrosine-protein kinase transmembrane receptor ROR1,937
Q01974,ROR2,ROR2_HUMAN,Tyrosine-protein kinase transmembrane receptor ROR2,943
Q02297,NRG1,NRG1_HUMAN,Pro-neuregulin-1%2C membrane-bound isoform,640
Q02413,DSG1,DSG1_HUMAN,Desmoglein-1,1049
Q02487,DSC2,DSC2_HUMAN,Desmocollin-2,901
Q02763,TEK,TIE2_HUMAN,Angiopoietin-1 receptor,1124
Q02846,GUCY2D,GUC2D_HUMAN,Retinal guanylyl cyclase 1,1103
Q03167,TGFBR3,TGBR3_HUMAN,Transforming growth factor beta receptor type 3,851
Q04721,NOTCH2,NOTC2_HUMAN,Neurogenic locus notch homolog protein 2,2471
Q04771,ACVR1,ACVR1_HUMAN,Activin receptor type-1,509
Q04900,CD164,MUC24_HUMAN,Sialomucin core protein 24,197
Q04912,MST1R,RON_HUMAN,Macrophage-stimulating protein receptor,1400
Q05996,ZP2,ZP2_HUMAN,Zona pellucida sperm-binding protein 2,745
Q06418,TYRO3,TYRO3_HUMAN,Tyrosine-protein kinase receptor TYRO3,890
Q06481,APLP2,APLP2_HUMAN,Amyloid-like protein 2,763
Q07011,TNFRSF9,TNR9_HUMAN,Tumor necrosis factor receptor superfamily member 9,255
Q07699,SCN1B,SCN1B_HUMAN,Sodium channel subunit beta-1,218
Q07954,LRP1,LRP1_HUMAN,Prolow-density lipoprotein receptor-related protein 1,4544
Q08174,PCDH1,PCDH1_HUMAN,Protocadherin-1,1060
Q08334,IL10RB,I10R2_HUMAN,Interleukin-10 receptor subunit beta,325
Q08345,DDR1,DDR1_HUMAN,Epithelial discoidin domain-containing receptor 1,913
Q08554,DSC1,DSC1_HUMAN,Desmocollin-1,894
Q08708,CD300C,CLM6_HUMAN,CMRF35-like molecule 6,224
Q08ET2,SIGLEC14,SIG14_HUMAN,Sialic acid-binding Ig-like lectin 14,396
Q12836,ZP4,ZP4_HUMAN,Zona pellucida sperm-binding protein 4,540
Q12864,CDH17,CAD17_HUMAN,Cadherin-17,832
Q12866,MERTK,MERTK_HUMAN,Tyrosine-protein kinase Mer,999
Q12907,LMAN2,LMAN2_HUMAN,Vesicular integral-membrane protein VIP36,356
Q12913,PTPRJ,PTPRJ_HUMAN,Receptor-type tyrosine-protein phosphatase eta,1337
Q13018,PLA2R1,PLA2R_HUMAN,Secretory phospholipase A2 receptor,1463
Q13145,BAMBI,BAMBI_HUMAN,BMP and activin membrane-bound inhibitor homolog,260
Q13261,IL15RA,I15RA_HUMAN,Interleukin-15 receptor subunit alpha,267
Q13291,SLAMF1,SLAF1_HUMAN,Signaling lymphocytic activation molecule,335
Q13308,PTK7,PTK7_HUMAN,Inactive tyrosine-protein kinase 7,1070
Q13332,PTPRS,PTPRS_HUMAN,Receptor-type tyrosine-protein phosphatase S,1948
Q13349,ITGAD,ITAD_HUMAN,Integrin alpha-D,1161
Q13410,BTN1A1,BT1A1_HUMAN,Butyrophilin subfamily 1 member A1,526
Q13443,ADAM9,ADAM9_HUMAN,Disintegrin and metalloproteinase domain-containing protein 9,819
Q13444,ADAM15,ADA15_HUMAN,Disintegrin and metalloproteinase domain-containing protein 15,863
Q13445,TMED1,TMED1_HUMAN,Transmembrane emp24 domain-containing protein 1,227
Q13477,MADCAM1,MADCA_HUMAN,Mucosal addressin cell adhesion molecule 1,382
Q13478,IL18R1,IL18R_HUMAN,Interleukin-18 receptor 1,541
Q13586,STIM1,STIM1_HUMAN,Stromal interaction molecule 1,685
Q13591,SEMA5A,SEM5A_HUMAN,Semaphorin-5A,1074
Q13634,CDH18,CAD18_HUMAN,Cadherin-18,790
Q13641,TPBG,TPBG_HUMAN,Trophoblast glycoprotein,420
Q13651,IL10RA,I10R1_HUMAN,Interleukin-10 receptor subunit alpha,578
Q13683,ITGA7,ITA7_HUMAN,Integrin alpha-7,1181
Q13705,ACVR2B,AVR2B_HUMAN,Activin receptor type-2B,512
Q13740,ALCAM,CD166_HUMAN,CD166 antigen,583
Q13797,ITGA9,ITA9_HUMAN,Integrin alpha-9,1035
Q13873,BMPR2,BMPR2_HUMAN,Bone morphogenetic protein receptor type-2,1038
Q14114,LRP8,LRP8_HUMAN,Low-density lipoprotein receptor-related protein 8,963
Q14118,DAG1,DAG1_HUMAN,Alpha-dystroglycan,895
Q14126,DSG2,DSG2_HUMAN,Desmoglein-2,1118
Q14162,SCARF1,SREC_HUMAN,Scavenger receptor class F member 1,830
Q14165,MLEC,MLEC_HUMAN,Malectin,292
Q14242,SELPLG,SELPL_HUMAN,P-selectin glycoprotein ligand 1,412
Q14392,LRRC32,LRC32_HUMAN,Transforming growth factor beta activator LRRC32,662
Q14517,FAT1,FAT1_HUMAN,Protocadherin Fat 1,4588
Q14574,DSC3,DSC3_HUMAN,Desmocollin-3,896
Q14626,IL11RA,I11RA_HUMAN,Interleukin-11 receptor subunit alpha,422
Q14627,IL13RA2,I13R2_HUMAN,Interleukin-13 receptor subunit alpha-2,380
Q14773,ICAM4,ICAM4_HUMAN,Intercellular adhesion molecule 4,271
Q14802,FXYD3,FXYD3_HUMAN,FXYD domain-containing ion transport regulator 3,87
Q14943,KIR3DS1,KI3S1_HUMAN,Killer cell immunoglobulin-like receptor 3DS1,382
Q14952,KIR2DS3,KI2S3_HUMAN,Killer cell immunoglobulin-like receptor 2DS3,304
Q14953,KIR2DS5,KI2S5_HUMAN,Killer cell immunoglobulin-like receptor 2DS5,304
Q14954,KIR2DS1,KI2S1_HUMAN,Killer cell immunoglobulin-like receptor 2DS1,304
Q14956,GPNMB,GPNMB_HUMAN,Transmembrane glycoprotein NMB,572
Q15109,AGER,RAGE_HUMAN,Advanced glycosylation end product-specific receptor,404
Q15116,PDCD1,PDCD1_HUMAN,Programmed cell death protein 1,288
Q15223,NECTIN1,NECT1_HUMAN,Nectin-1,517
Q15256,PTPRR,PTPRR_HUMAN,Receptor-type tyrosine-protein phosphatase R,657
Q15262,PTPRK,PTPRK_HUMAN,Receptor-type tyrosine-protein phosphatase kappa,1439
Q15303,ERBB4,ERBB4_HUMAN,Receptor tyrosine-protein kinase erbB-4,1308
Q15363,TMED2,TMED2_HUMAN,Transmembrane emp24 domain-containing protein 2,201
Q15375,EPHA7,EPHA7_HUMAN,Ephrin type-A receptor 7,998
Q15399,TLR1,TLR1_HUMAN,Toll-like receptor 1,786
Q15762,CD226,CD226_HUMAN,CD226 antigen,336
Q15768,EFNB3,EFNB3_HUMAN,Ephrin-B3,340
Q16288,NTRK3,NTRK3_HUMAN,NT-3 growth factor receptor,839
Q16586,SGCA,SGCA_HUMAN,Alpha-sarcoglycan,387
Q16620,NTRK2,NTRK2_HUMAN,BDNF/NT-3 growth factors receptor,822
Q16653,MOG,MOG_HUMAN,Myelin-oligodendrocyte glycoprotein,247
Q16671,AMHR2,AMHR2_HUMAN,Anti-Muellerian hormone type-2 receptor,573
Q16790,CA9,CAH9_HUMAN,Carbonic anhydrase 9,459
Q16819,MEP1A,MEP1A_HUMAN,Meprin A subunit alpha,746
Q16820,MEP1B,MEP1B_HUMAN,Meprin A subunit beta,701
Q16827,PTPRO,PTPRO_HUMAN,Receptor-type tyrosine-protein phosphatase O,1216
Q16832,DDR2,DDR2_HUMAN,Discoidin domain-containing receptor 2,855
Q16849,PTPRN,PTPRN_HUMAN,Receptor-type tyrosine-protein phosphatase-like N,979
Q19T08,ECSCR,ECSCR_HUMAN,Endothelial cell-specific chemotaxis regulator,205
Q29980,MICB,MICB_HUMAN,MHC class I polypeptide-related sequence B (MIC-B),383
Q29983,MICA,MICA_HUMAN,MHC class I polypeptide-related sequence A (MIC-A),383
Q2I0M4,LRRC26,LRC26_HUMAN,Leucine-rich repeat-containing protein 26,334
Q2TAL1,CDH24,Q2TAL1_HUMAN,CDH24 protein,314
Q30154,HLA-DRB5,DRB5_HUMAN,HLA class II histocompatibility antigen%2C DR beta 5 chain,266
Q30201,HFE,HFE_HUMAN,Hereditary hemochromatosis protein,348
Q3MIW9,MUCL3,MUCL3_HUMAN,Mucin-like protein 3,517
Q3T906,GNPTAB,GNPTA_HUMAN,N-acetylglucosamine-1-phosphotransferase subunit alpha,1256
Q3ZCQ3,FAM174B,F174B_HUMAN,Membrane protein FAM174B,159
Q495A1,TIGIT,TIGIT_HUMAN,T-cell immunoreceptor with Ig and ITIM domains,244
Q496F6,CD300E,CLM2_HUMAN,CMRF35-like molecule 2,205
Q4V9L6,TMEM119,TM119_HUMAN,Transmembrane protein 119,283
Q4VAI4,CDH5,Q4VAI4_HUMAN,CDH5 protein,662
Q53EL9,SEZ6,SEZ6_HUMAN,Seizure protein 6 homolog,994
Q58EX2,SDK2,SDK2_HUMAN,Protein sidekick-2,2172
Q59EA3,Unknown,Q59EA3_HUMAN,similar to Cadherin-5,807
Q59EQ1,Unknown,Q59EQ1_HUMAN,"Cadherin 11, type 2 isoform 1 preproprotein variant (Fragment)",798
Q59GD1,Unknown,Q59GD1_HUMAN,"Protocadherin gamma subfamily A, 6 isoform 1 variant",950
Q59H01,Unknown,Q59H01_HUMAN,"Protocadherin gamma subfamily A, 7 isoform 1 variant",895
Q59H32,Unknown,Q59H32_HUMAN,"Protocadherin gamma subfamily A, 3 isoform 1 variant",961
Q59H34,Unknown,Q59H34_HUMAN,similar to Protocadherin alpha 4 isoform 1 variant,921
Q59H35,Unknown,Q59H35_HUMAN,Protocadherin alpha 13 isoform 1 variant (Fragment),921
Q5DID0,UMODL1,UROL1_HUMAN,Uromodulin-like 1,1318
Q5DX21,IGSF11,IGS11_HUMAN,Immunoglobulin superfamily member 11,431
Q5IJ48,CRB2,CRUM2_HUMAN,Protein crumbs homolog 2 (Crumbs-like protein 2),1285
Q5JXA9,SIRPB2,SIRB2_HUMAN,Signal-regulatory protein beta-2,342
Q5JZY3,EPHA10,EPHAA_HUMAN,Ephrin type-A receptor 10,1008
Q5SQ64,LY6G6F,LY66F_HUMAN,Lymphocyte antigen 6 complex locus protein G6f,297
Q5SSG8,MUC21,MUC21_HUMAN,Mucin-21,566
Q5SY80,CATSPERE,CTSRE_HUMAN,Cation channel sperm-associated protein subunit epsilon,951
Q5SZK8,FREM2,FREM2_HUMAN,FRAS1-related extracellular matrix protein 2,3169
Q5T1S8,NCMAP,NCMAP_HUMAN,Noncompact myelin-associated protein,102
Q5T2D2,TREML2,TRML2_HUMAN,Trem-like transcript 2 protein,321
Q5VT99,LRRC38,LRC38_HUMAN,Leucine-rich repeat-containing protein 38,294
Q5VUB5,FAM171A1,F1711_HUMAN,Protein FAM171A1,890
Q5VV43,KIAA0319,K0319_HUMAN,Dyslexia-associated protein KIAA0319,1072
Q5VWK5,IL23R,IL23R_HUMAN,Interleukin-23 receptor,629
Q5VZ72,IZUMO3,IZUM3_HUMAN,Izumo sperm-egg fusion protein 3,239
Q5ZPR3,CD276,CD276_HUMAN,CD276 antigen,534
Q63HM4,DKFZp686P18250,Q63HM4_HUMAN,Uncharacterized protein DKFZp686P18250,758
Q68D85,NCR3LG1,NR3L1_HUMAN,Natural cytotoxicity triggering receptor 3 ligand 1,454
Q68DV7,RNF43,RNF43_HUMAN,E3 ubiquitin-protein ligase RNF43,783
Q68DY8,DKFZp686I11137,Q68DY8_HUMAN,Uncharacterized protein DKFZp686I11137,667
Q69384,ERVK-6,ENK6_HUMAN,Endogenous retrovirus group K member 6 Env polyprotein,699
Q6DN72,FCRL6,FCRL6_HUMAN,Fc receptor-like protein 6,434
Q6EMK4,VASN,VASN_HUMAN,Vasorin,673
Q6GTX8,LAIR1,LAIR1_HUMAN,Leukocyte-associated immunoglobulin-like receptor 1,287
Q6MZM0,HEPHL1,HPHL1_HUMAN,Ferroxidase HEPHL1,1159
Q6NUS6,TCTN3,TECT3_HUMAN,Tectonic-3,607
Q6P1J6,PLB1,PLB1_HUMAN,Phospholipase B1%2C membrane-associated,1458
Q6P4R2,PCDHAC2,Q6P4R2_HUMAN,"Protocadherin alpha subfamily C, 2",1007
Q6PCB8,EMB,EMB_HUMAN,Embigin,327
Q6PJG9,LRFN4,LRFN4_HUMAN,Leucine-rich repeat and fibronectin type-III domain-containing protein 4,635
Q6Q8B3,CD200R1L,MO2R2_HUMAN,Cell surface glycoprotein CD200 receptor 2,271
Q6UVK1,CSPG4,CSPG4_HUMAN,Chondroitin sulfate proteoglycan 4,2322
Q6UW88,EPGN,EPGN_HUMAN,Epigen,154
Q6UWB1,IL27RA,I27RA_HUMAN,Interleukin-27 receptor subunit alpha,636
Q6UWI2,PARM1,PARM1_HUMAN,Prostate androgen-regulated mucin-like protein 1,310
Q6UWL6,KIRREL2,KIRR2_HUMAN,Kin of IRRE-like protein 2,708
Q6UWV6,ENPP7,ENPP7_HUMAN,Ectonucleotide pyrophosphatase/phosphodiesterase family member 7,458
Q6UX41,BTNL8,BTNL8_HUMAN,Butyrophilin-like protein 8,500
Q6UXD5,SEZ6L2,SE6L2_HUMAN,Seizure 6-like protein 2,910
Q6UXE8,BTNL3,BTNL3_HUMAN,Butyrophilin-like protein 3,466
Q6UXG2,ELAPOR1,ELAP1_HUMAN,UPF0577 protein KIAA1324,1013
Q6UXG3,CD300LG,CLM9_HUMAN,CMRF35-like molecule 9,332
Q6UXG8,BTNL9,BTNL9_HUMAN,Butyrophilin-like protein 9,535
Q6UXL0,IL20RB,I20RB_HUMAN,Interleukin-20 receptor subunit beta,311
Q6UXM1,LRIG3,LRIG3_HUMAN,Leucine-rich repeats and immunoglobulin-like domains protein 3,1119
Q6UXZ0,TMIGD1,TMIG1_HUMAN,Transmembrane and immunoglobulin domain-containing protein 1,262
Q6UXZ3,CD300LD,CLM5_HUMAN,CMRF35-like molecule 5,194
Q6UXZ4,UNC5D,UNC5D_HUMAN,Netrin receptor UNC5D,953
Q6UY09,CEACAM20,CEA20_HUMAN,Carcinoembryonic antigen-related cell adhesion molecule 20,596
Q6UY11,DLK2,DLK2_HUMAN,Protein delta homolog 2,383
Q6V0I7,FAT4,FAT4_HUMAN,Protocadherin Fat 4,4981
Q6ZMC9,SIGLEC15,SIG15_HUMAN,Sialic acid-binding Ig-like lectin 15,328
Q6ZN44,UNC5A,UNC5A_HUMAN,Netrin receptor UNC5A,842
Q6ZRH7,CATSPERG,CTSRG_HUMAN,Cation channel sperm-associated protein subunit gamma,1159
Q6ZTQ4,CDHR3,CDHR3_HUMAN,Cadherin-related family member 3,885
Q7KYR7,BTN2A1,BT2A1_HUMAN,Butyrophilin subfamily 2 member A1,527
Q7Z3S7,CACNA2D4,CA2D4_HUMAN,Voltage-dependent calcium channel subunit alpha-2/delta-4,1137
Q7Z5N4,SDK1,SDK1_HUMAN,Protein sidekick-1,2213
Q7Z6A9,BTLA,BTLA_HUMAN,B- and T-lymphocyte attenuator,289
Q7Z6M3,MILR1,MILR1_HUMAN,Allergin-1,343
Q7Z7D3,VTCN1,VTCN1_HUMAN,V-set domain-containing T-cell activation inhibitor 1 ,282
Q86SJ2,AMIGO2,AMGO2_HUMAN,Amphoterin-induced protein 2,522
Q86SJ6,DSG4,DSG4_HUMAN,Desmoglein-4,1040
Q86SU0,ILDR1,ILDR1_HUMAN,Immunoglobulin-like domain-containing receptor 1,546
Q86T13,CLEC14A,CLC14_HUMAN,C-type lectin domain family 14 member A,490
Q86UE6,LRRTM1,LRRT1_HUMAN,Leucine-rich repeat transmembrane neuronal protein 1,522
Q86UK5,EVC2,LBN_HUMAN,Limbin,1308
Q86UP0,CDH24,CAD24_HUMAN,Cadherin-24,819
Q86V40,TRABD2A,TIKI1_HUMAN,Metalloprotease TIKI1,505
Q86VB7,CD163,C163A_HUMAN,Scavenger receptor cysteine-rich type 1 protein M130,1156
Q86VH4,LRRTM4,LRRT4_HUMAN,Leucine-rich repeat transmembrane neuronal protein 4,590
Q86VH5,LRRTM3,LRRT3_HUMAN,Leucine-rich repeat transmembrane neuronal protein 3,581
Q86VZ4,LRP11,LRP11_HUMAN,Low-density lipoprotein receptor-related protein 11,500
Q86WK6,AMIGO1,AMGO1_HUMAN,Amphoterin-induced protein 1 (AMIGO-1) (Alivin-2),493
Q86WK7,AMIGO3,AMGO3_HUMAN,Amphoterin-induced protein 3 (AMIGO-3) (Alivin-3),504
Q86XK7,VSIG1,VSIG1_HUMAN,V-set and immunoglobulin domain-containing protein 1,387
Q86XM0,CATSPERD,CTSRD_HUMAN,Cation channel sperm-associated protein subunit delta,798
Q86XR5,PRIMA1,PRIMA_HUMAN,Proline-rich membrane anchor 1,153
Q86XX4,FRAS1,FRAS1_HUMAN,Extracellular matrix protein FRAS1,4008
Q86YC3,NRROS,LRC33_HUMAN,Transforming growth factor beta activator LRRC33,692
Q86YD3,TMEM25,TMM25_HUMAN,Transmembrane protein 25,366
Q86YD5,LDLRAD3,LRAD3_HUMAN,Low-density lipoprotein receptor class A domain-containing protein 3,345
Q86YL7,PDPN,PDPN_HUMAN,Podoplanin,162
Q86YT9,JAML,JAML_HUMAN,Junctional adhesion molecule-like,394
Q86YW5,TREML1,TRML1_HUMAN,Trem-like transcript 1 protein,311
Q8IU57,IFNLR1,INLR1_HUMAN,Interferon lambda receptor 1,520
Q8IUK5,PLXDC1,PLDX1_HUMAN,Plexin domain-containing protein 1,500
Q8IUW5,RELL1,RELL1_HUMAN,RELT-like protein 1,271
Q8IVU1,IGDCC3,IGDC3_HUMAN,Immunoglobulin superfamily DCC subclass member 3,814
Q8IW00,VSTM4,VSTM4_HUMAN,V-set and transmembrane domain-containing protein 4,320
Q8IW52,SLITRK4,SLIK4_HUMAN,SLIT and NTRK-like protein 4,837
Q8IWB1,ITPRIP,IPRI_HUMAN,Inositol 1%2C4%2C5-trisphosphate receptor-interacting protein,547
Q8IWT1,SCN4B,SCN4B_HUMAN,Sodium channel subunit beta-4,228
Q8IXH8,CDH26,CAD26_HUMAN,Cadherin-like protein 26 (Cadherin-like protein VR20),832
Q8IYJ0,PIANP,PIANP_HUMAN,PILR alpha-associated neural protein,282
Q8IYR6,TMEFF1,TEFF1_HUMAN,Tomoregulin-1,380
Q8IYS5,OSCAR,OSCAR_HUMAN,Osteoclast-associated immunoglobulin-like receptor,282
Q8IYV9,IZUMO1,IZUM1_HUMAN,Izumo sperm-egg fusion protein 1,350
Q8IZJ1,UNC5B,UNC5B_HUMAN,Netrin receptor UNC5B,945
Q8IZS8,CACNA2D3,CA2D3_HUMAN,Voltage-dependent calcium channel subunit alpha-2/delta-3,1091
Q8IZU9,KIRREL3,KIRR3_HUMAN,Kin of IRRE-like protein 3,778
Q8J025,APCDD1,APCD1_HUMAN,Protein APCDD1,514
Q8N0W4,NLGN4X,NLGNX_HUMAN,Neuroligin-4%2C X-linked,816
Q8N109,KIR2DL5A,KI2LA_HUMAN,Killer cell immunoglobulin-like receptor 2DL5A,375
Q8N126,CADM3,CADM3_HUMAN,Cell adhesion molecule 3,398
Q8N131,TMEM123,PORIM_HUMAN,Porimin,208
Q8N149,LILRA2,LIRA2_HUMAN,Leukocyte immunoglobulin-like receptor subfamily A member 2,483
Q8N2Q7,NLGN1,NLGN1_HUMAN,Neuroligin-1,863
Q8N387,MUC15,MUC15_HUMAN,Mucin-15,334
Q8N3G9,TMEM130,TM130_HUMAN,Transmembrane protein 130,435
Q8N3J6,CADM2,CADM2_HUMAN,Cell adhesion molecule 2,435
Q8N423,LILRB2,LIRB2_HUMAN,Leukocyte immunoglobulin-like receptor subfamily B member 2,598
Q8N441,FGFRL1,FGRL1_HUMAN,Fibroblast growth factor receptor-like 1,504
Q8N6P7,IL22RA1,I22R1_HUMAN,Interleukin-22 receptor subunit alpha-1,574
Q8N6Y1,PCDH20,PCD20_HUMAN,Protocadherin-20,951
Q8N743,KIR3DL3,KI3L3_HUMAN,Killer cell immunoglobulin-like receptor 3DL3 ,410
Q8N9J3,Unknown,Q8N9J3_HUMAN,similar to cadherin 20 (CDH20) mRNA,335
Q8NAC3,IL17RC,I17RC_HUMAN,Interleukin-17 receptor C,791
Q8NAU1,FNDC5,FNDC5_HUMAN,Fibronectin type III domain-containing protein 5,212
Q8NB64,Unknown,Q8NB64_HUMAN,similar to RETINAL-CADHERIN,824
Q8NBR0,TP53I13,P5I13_HUMAN,Tumor protein p53-inducible protein 13,393
Q8NCW0,KREMEN2,KREM2_HUMAN,Kremen protein 2,462
Q8NER5,ACVR1C,ACV1C_HUMAN,Activin receptor type-1C,493
Q8NET5,NFAM1,NFAM1_HUMAN,NFAT activation molecule 1,270
Q8NEW7,TMIE,TMIE_HUMAN,Transmembrane inner ear expressed protein,156
Q8NFM7,IL17RD,I17RD_HUMAN,Interleukin-17 receptor D,739
Q8NFR9,IL17RE,I17RE_HUMAN,Interleukin-17 receptor E,667
Q8NFT8,DNER,DNER_HUMAN,Delta and Notch-like epidermal growth factor-related receptor,737
Q8NFY4,SEMA6D,SEM6D_HUMAN,Semaphorin-6D,1073
Q8NFZ3,NLGN4Y,NLGNY_HUMAN,Neuroligin-4%2C Y-linked,816
Q8NFZ4,NLGN2,NLGN2_HUMAN,Neuroligin-2,835
Q8NHJ6,LILRB4,LIRB4_HUMAN,Leukocyte immunoglobulin-like receptor subfamily B member 4,448
Q8NHK3,KIR2DL5B,KI2LB_HUMAN,Killer cell immunoglobulin-like receptor 2DL5B,375
Q8NHL6,LILRB1,LIRB1_HUMAN,Leukocyte immunoglobulin-like receptor subfamily B member 1,650
Q8NI17,IL31RA,IL31R_HUMAN,Interleukin-31 receptor subunit alpha,732
Q8TAB3,PCDH19,PCD19_HUMAN,Protocadherin-19,1148
Q8TCZ2,CD99L2,C99L2_HUMAN,CD99 antigen-like protein 2,262
Q8TD07,RAET1E,RAE1E_HUMAN,Retinoic acid early transcript 1E,263
Q8TD46,CD200R1,MO2R1_HUMAN,Cell surface glycoprotein CD200 receptor 1,325
Q8TD84,DSCAML1,DSCL1_HUMAN,Down syndrome cell adhesion molecule-like protein 1,2053
Q8TDF5,NETO1,NETO1_HUMAN,Neuropilin and tolloid-like protein 1,533
Q8TDQ0,HAVCR2,HAVR2_HUMAN,Hepatitis A virus cellular receptor 2,301
Q8TDQ1,CD300LF,CLM1_HUMAN,CMRF35-like molecule 1,290
Q8TDW7,FAT3,FAT3_HUMAN,Protocadherin Fat 3,4557
Q8TDY8,IGDCC4,IGDC4_HUMAN,Immunoglobulin superfamily DCC subclass member 4,1250
Q8TF66,LRRC15,LRC15_HUMAN,Leucine-rich repeat-containing protein 15,581
Q8WUT4,LRRN4,LRRN4_HUMAN,Leucine-rich repeat neuronal protein 4,740
Q8WVN6,SECTM1,SCTM1_HUMAN,Secreted and transmembrane protein 1,248
Q8WVV5,BTN2A2,BT2A2_HUMAN,Butyrophilin subfamily 2 member A2,523
Q8WWG1,NRG4,NRG4_HUMAN,Pro-neuregulin-4%2C membrane-bound isoform,115
Q8WWQ8,STAB2,STAB2_HUMAN,Stabilin-2,2551
Q8WWV6,FCAMR,FCAMR_HUMAN,High affinity immunoglobulin alpha and immunoglobulin mu Fc receptor,532
Q8WXI7,MUC16,MUC16_HUMAN,Mucin-16,14507
Q902F8,ERVK-8,ENK8_HUMAN,Endogenous retrovirus group K member 8 Env polyprotein,699
Q902F9,HERVK_113,EN113_HUMAN,Endogenous retrovirus group K member 113 Env polyprotein,699
Q92542,NCSTN,NICA_HUMAN,Nicastrin,709
Q92637,FCGR1B,FCGRB_HUMAN,High affinity immunoglobulin gamma Fc receptor IB,280
Q92673,SORL1,SORL_HUMAN,Sortilin-related receptor,2214
Q92692,NECTIN2,NECT2_HUMAN,Nectin-2,538
Q92729,PTPRU,PTPRU_HUMAN,Receptor-type tyrosine-protein phosphatase U,1446
Q92823,NRCAM,NRCAM_HUMAN,Neuronal cell adhesion molecule,1304
Q92854,SEMA4D,SEM4D_HUMAN,Semaphorin-4D,862
Q92859,NEO1,NEO1_HUMAN,Neogenin,1461
Q92896,GLG1,GSLG1_HUMAN,Golgi apparatus protein 1,1179
Q92932,PTPRN2,PTPR2_HUMAN,Receptor-type tyrosine-protein phosphatase N2,1015
Q92956,TNFRSF14,TNR14_HUMAN,Tumor necrosis factor receptor superfamily member 14,283
Q93033,CD101,IGSF2_HUMAN,Immunoglobulin superfamily member 2,1021
Q93038,TNFRSF25,TNR25_HUMAN,Tumor necrosis factor receptor superfamily member 25,417
Q95460,MR1,HMR1_HUMAN,Major histocompatibility complex class I-related gene protein,341
Q969Z4,RELT,TR19L_HUMAN,Tumor necrosis factor receptor superfamily member 19L,430
Q96AP7,ESAM,ESAM_HUMAN,Endothelial cell-selective adhesion molecule,390
Q96BF3,TMIGD2,TMIG2_HUMAN,Transmembrane and immunoglobulin domain-containing protein 2,282
Q96BY9,SARAF,SARAF_HUMAN,Store-operated calcium entry-associated regulatory factor,339
Q96CZ9,CDH11,Q96CZ9_HUMAN,"Cadherin 11, type 2, OB-cadherin (Osteoblast)",796
Q96DU3,SLAMF6,SLAF6_HUMAN,SLAM family member 6,332
Q96F05,C11orf24,CK024_HUMAN,Uncharacterized protein C11orf24,449
Q96F46,IL17RA,I17RA_HUMAN,Interleukin-17 receptor A,866
Q96FE5,LINGO1,LIGO1_HUMAN,Leucine-rich repeat and immunoglobulin-like domain-containing nogo receptor-interacting protein 1,620
Q96FE7,PIK3IP1,P3IP1_HUMAN,Phosphoinositide-3-kinase-interacting protein 1,263
Q96GP6,SCARF2,SREC2_HUMAN,Scavenger receptor class F member 2,871
Q96GX1,TCTN2,TECT2_HUMAN,Tectonic-2,697
Q96IQ7,VSIG2,VSIG2_HUMAN,V-set and immunoglobulin domain-containing protein 2,327
Q96J42,TXNDC15,TXD15_HUMAN,Thioredoxin domain-containing protein 15,360
Q96J84,KIRREL1,KIRR1_HUMAN,Kin of IRRE-like protein 1,757
Q96JA1,LRIG1,LRIG1_HUMAN,Leucine-rich repeats and immunoglobulin-like domains protein 1,1093
Q96JQ0,DCHS1,PCD16_HUMAN,Protocadherin-16,3298
Q96KC8,DNAJC1,DNJC1_HUMAN,DnaJ homolog subfamily C member 1,554
Q96KG7,MEGF10,MEG10_HUMAN,Multiple epidermal growth factor-like domains protein 10,1140
Q96KV6,BTN2A3P,BT2A3_HUMAN,Putative butyrophilin subfamily 2 member A3,586
Q96LA5,FCRL2,FCRL2_HUMAN,Fc receptor-like protein 2,508
Q96LA6,FCRL1,FCRL1_HUMAN,Fc receptor-like protein 1,429
Q96LC7,SIGLEC10,SIG10_HUMAN,Sialic acid-binding Ig-like lectin 10,697
Q96MS0,ROBO3,ROBO3_HUMAN,Roundabout homolog 3,1386
Q96MU8,KREMEN1,KREM1_HUMAN,Kremen protein 1,473
Q96NY8,NECTIN4,NECT4_HUMAN,Nectin-4,510
Q96P31,FCRL3,FCRL3_HUMAN,Fc receptor-like protein 3,734
Q96PD2,DCBLD2,DCBD2_HUMAN,Discoidin%2C CUB and LCCL domain-containing protein 2,775
Q96PE5,OPALIN,OPALI_HUMAN,Opalin,141
Q96PJ5,FCRL4,FCRL4_HUMAN,Fc receptor-like protein 4,515
Q96PL5,ERMAP,ERMAP_HUMAN,Erythroid membrane-associated protein,475
Q96PQ0,SORCS2,SORC2_HUMAN,VPS10 domain-containing receptor SorCS2,1159
Q96PX8,SLITRK1,SLIK1_HUMAN,SLIT and NTRK-like protein 1 (Leucine-rich repeat-containing protein 12),696
Q96QU1,PCDH15,PCD15_HUMAN,Protocadherin-15,1955
Q96RD9,FCRL5,FCRL5_HUMAN,Fc receptor-like protein 5,977
Q99062,CSF3R,CSF3R_HUMAN,Granulocyte colony-stimulating factor receptor,836
Q99075,HBEGF,HBEGF_HUMAN,Proheparin-binding EGF-like growth factor,208
Q99466,NOTCH4,NOTC4_HUMAN,Neurogenic locus notch homolog protein 4,2003
Q99467,CD180,CD180_HUMAN,CD180 antigen,661
Q99523,SORT1,SORT_HUMAN,Sortilin,831
Q99650,OSMR,OSMR_HUMAN,Oncostatin-M-specific receptor subunit beta,979
Q99665,IL12RB2,I12R2_HUMAN,Interleukin-12 receptor subunit beta-2,862
Q99706,KIR2DL4,KI2L4_HUMAN,Killer cell immunoglobulin-like receptor 2DL4,377
Q99795,GPA33,GPA33_HUMAN,Cell surface A33 antigen,319
Q99965,ADAM2,ADAM2_HUMAN,Disintegrin and metalloproteinase domain-containing protein 2,735
Q9BQ51,PDCD1LG2,PD1L2_HUMAN,Programmed cell death 1 ligand 2,273
Q9BQS7,HEPH,HEPH_HUMAN,Hephaestin,1158
Q9BQT9,CLSTN3,CSTN3_HUMAN,Calsyntenin-3,956
Q9BRK3,MXRA8,MXRA8_HUMAN,Matrix remodeling-associated protein 8,442
Q9BT76,UPK3B,UPK3B_HUMAN,Uroplakin-3b,320
Q9BTN0,LRFN3,LRFN3_HUMAN,Leucine-rich repeat and fibronectin type-III domain-containing protein 3,628
Q9BUF7,CRB3,CRUM3_HUMAN,Protein crumbs homolog 3,120
Q9BVK6,TMED9,TMED9_HUMAN,Transmembrane emp24 domain-containing protein 9,235
Q9BWV1,BOC,BOC_HUMAN,Brother of CDO,1114
Q9BX59,TAPBPL,TPSNR_HUMAN,Tapasin-related protein,468
Q9BX67,JAM3,JAM3_HUMAN,Junctional adhesion molecule C,310
Q9BXJ7,AMN,AMNLS_HUMAN,Protein amnionless,453
Q9BXR5,TLR10,TLR10_HUMAN,Toll-like receptor 10,811
Q9BXS4,TMEM59,TMM59_HUMAN,Transmembrane protein 59,323
Q9BY67,CADM1,CADM1_HUMAN,Cell adhesion molecule 1 ,442
Q9BYE9,CDHR2,CDHR2_HUMAN,Cadherin-related family member 2,1310
Q9BYF1,ACE2,ACE2_HUMAN,Angiotensin-converting enzyme 2,805
Q9BZ76,CNTNAP3,CNTP3_HUMAN,Contactin-associated protein-like 3,1288
Q9BZA7,PCDH11X,PC11X_HUMAN,Protocadherin-11 X-linked,1347
Q9BZA8,PCDH11Y,PC11Y_HUMAN,Protocadherin-11 Y-linked,1340
Q9BZW8,CD244,CD244_HUMAN,Natural killer cell receptor 2B4,370
Q9BZZ2,SIGLEC1,SN_HUMAN,Sialoadhesin,1709
Q9C0A0,CNTNAP4,CNTP4_HUMAN,Contactin-associated protein-like 4,1308
Q9C0C4,SEMA4C,SEM4C_HUMAN,Semaphorin-4C,833
Q9C0I4,THSD7B,THS7B_HUMAN,Thrombospondin type-1 domain-containing protein 7B,1606
Q9H013,ADAM19,ADA19_HUMAN,Disintegrin and metalloproteinase domain-containing protein 19,955
Q9H0Q3,FXYD6,FXYD6_HUMAN,FXYD domain-containing ion transport regulator 6,95
Q9H156,SLITRK2,SLIK2_HUMAN,SLIT and NTRK-like protein 2,845
Q9H158,PCDHAC1,PCDC1_HUMAN,Protocadherin alpha-C1,963
Q9H159,CDH19,CAD19_HUMAN,Cadherin-19,772
Q9H251,CDH23,CAD23_HUMAN,Cadherin-23,3354
Q9H2A7,CXCL16,CXL16_HUMAN,C-X-C motif chemokine 16,254
Q9H2E6,SEMA6A,SEM6A_HUMAN,Semaphorin-6A,1030
Q9H2U9,ADAM7,ADAM7_HUMAN,Disintegrin and metalloproteinase domain-containing protein 7,754
Q9H3R2,MUC13,MUC13_HUMAN,Mucin-13,512
Q9H3S1,SEMA4A,SEM4A_HUMAN,Semaphorin-4A,761
Q9H3T2,SEMA6C,SEM6C_HUMAN,Semaphorin-6C,930
Q9H3T3,SEMA6B,SEM6B_HUMAN,Semaphorin-6B,888
Q9H4D0,CLSTN2,CSTN2_HUMAN,Calsyntenin-2,955
Q9H5Y7,SLITRK6,SLIK6_HUMAN,SLIT and NTRK-like protein 6,841
Q9H665,IGFLR1,IGFR1_HUMAN,IGF-like family receptor 1,355
Q9H6B4,CLMP,CLMP_HUMAN,CXADR-like membrane protein,373
Q9H6D8,FNDC4,FNDC4_HUMAN,Fibronectin type III domain-containing protein 4,234
Q9H6X2,ANTXR1,ANTR1_HUMAN,Anthrax toxin receptor 1,564
Q9H756,LRRC19,LRC19_HUMAN,Leucine-rich repeat-containing protein 19,370
Q9H7M9,VSIR,VISTA_HUMAN,V-type immunoglobulin domain-containing suppressor of T-cell activation,311
Q9H9K5,ERVMER34-1,MER34_HUMAN,Endogenous retroviral envelope protein HEMO,563
Q9HB29,IL1RL2,ILRL2_HUMAN,Interleukin-1 receptor-like 2,575
Q9HBB8,CDHR5,CDHR5_HUMAN,Cadherin-related family member 5,845
Q9HBE5,IL21R,IL21R_HUMAN,Interleukin-21 receptor,538
Q9HBG7,LY9,LY9_HUMAN,T-lymphocyte surface antigen Ly-9,655
Q9HBJ8,CLTRN,CLTRN_HUMAN,Collectrin,222
Q9HBT6,CDH20,CAD20_HUMAN,Cadherin-20,801
Q9HBW1,LRRC4,LRRC4_HUMAN,Leucine-rich repeat-containing protein 4,653
Q9HC56,PCDH9,PCDH9_HUMAN,Protocadherin-9,1237
Q9HC73,CRLF2,CRLF2_HUMAN,Cytokine receptor-like factor 2,371
Q9HCJ2,LRRC4C,LRC4C_HUMAN,Leucine-rich repeat-containing protein 4C,640
Q9HCK4,ROBO2,ROBO2_HUMAN,Roundabout homolog 2,1378
Q9HCL0,PCDH18,PCD18_HUMAN,Protocadherin-18,1135
Q9HCM2,PLXNA4,PLXA4_HUMAN,Plexin-A4,1894
Q9HCU0,CD248,CD248_HUMAN,Endosialin,757
Q9HD43,PTPRH,PTPRH_HUMAN,Receptor-type tyrosine-protein phosphatase H,1115
Q9HDB5,NRXN3,NRX3B_HUMAN,Neurexin-3-beta,637
Q9NP60,IL1RAPL2,IRPL2_HUMAN,X-linked interleukin-1 receptor accessory protein-like 2,686
Q9NP84,TNFRSF12A,TNR12_HUMAN,Tumor necrosis factor receptor superfamily member 12A,129
Q9NP99,TREM1,TREM1_HUMAN,Triggering receptor expressed on myeloid cells 1,234
Q9NPF0,CD320,CD320_HUMAN,CD320 antigen,282
Q9NPG4,PCDH12,PCD12_HUMAN,Protocadherin-12,1184
Q9NPH3,IL1RAP,IL1AP_HUMAN,Interleukin-1 receptor accessory protein,570
Q9NPR2,SEMA4B,SEM4B_HUMAN,Semaphorin-4B,837
Q9NPY3,CD93,C1QR1_HUMAN,Complement component C1q receptor,652
Q9NQ25,SLAMF7,SLAF7_HUMAN,SLAM family member 7,335
Q9NQ60,EQTN,EQTN_HUMAN,Equatorin,294
Q9NR16,CD163L1,C163B_HUMAN,Scavenger receptor cysteine-rich type 1 protein M160,1453
Q9NR61,DLL4,DLL4_HUMAN,Delta-like protein 4,685
Q9NR96,TLR9,TLR9_HUMAN,Toll-like receptor 9,1032
Q9NR97,TLR8,TLR8_HUMAN,Toll-like receptor 8,1041
Q9NRJ7,PCDHB16,PCDBG_HUMAN,Protocadherin beta-16,776
Q9NRM6,IL17RB,I17RB_HUMAN,Interleukin-17 receptor B,502
Q9NS68,TNFRSF19,TNR19_HUMAN,Tumor necrosis factor receptor superfamily member 19,423
Q9NSI5,IGSF5,IGSF5_HUMAN,Immunoglobulin superfamily member 5,407
Q9NTN9,SEMA4G,SEM4G_HUMAN,Semaphorin-4G,838
Q9NY15,STAB1,STAB1_HUMAN,Stabilin-1,2570
Q9NY47,CACNA2D2,CA2D2_HUMAN,Voltage-dependent calcium channel subunit alpha-2/delta-2,1150
Q9NY72,SCN3B,SCN3B_HUMAN,Sodium channel subunit beta-3,215
Q9NYJ7,DLL3,DLL3_HUMAN,Delta-like protein 3,618
Q9NYK1,TLR7,TLR7_HUMAN,Toll-like receptor 7,1049
Q9NYQ8,FAT2,FAT2_HUMAN,Protocadherin Fat 2,4349
Q9NZ53,PODXL2,PDXL2_HUMAN,Podocalyxin-like protein 2,605
Q9NZ94,NLGN3,NLGN3_HUMAN,Neuroligin-3,848
Q9NZC2,TREM2,TREM2_HUMAN,Triggering receptor expressed on myeloid cells 2,230
Q9NZN1,IL1RAPL1,IRPL1_HUMAN,Interleukin-1 receptor accessory protein-like 1,696
Q9NZQ7,CD274,PD1L1_HUMAN,Programmed cell death 1 ligand 1,290
Q9NZV1,CRIM1,CRIM1_HUMAN,Cysteine-rich motor neuron 1 protein,1036
Q9P0K1,ADAM22,ADA22_HUMAN,Disintegrin and metalloproteinase domain-containing protein 22,906
Q9P1W8,SIRPG,SIRPG_HUMAN,Signal-regulatory protein gamma,387
Q9P244,LRFN1,LRFN1_HUMAN,Leucine-rich repeat and fibronectin type III domain-containing protein 1,771
Q9P246,STIM2,STIM2_HUMAN,Stromal interaction molecule 2,746
Q9P2E7,PCDH10,PCD10_HUMAN,Protocadherin-10,1040
Q9P2J2,IGSF9,TUTLA_HUMAN,Protein turtle homolog A,1179
Q9P2S2,NRXN2,NRX2A_HUMAN,Neurexin-2,1712
Q9UBK5,HCST,HCST_HUMAN,Hematopoietic cell signal transducer,93
Q9UBN6,TNFRSF10D,TR10D_HUMAN,Tumor necrosis factor receptor superfamily member 10D,386
Q9UEF7,KL,KLOT_HUMAN,Klotho,1012
Q9UF33,EPHA6,EPHA6_HUMAN,Ephrin type-A receptor 6,1036
Q9UGN4,CD300A,CLM8_HUMAN,CMRF35-like molecule 8,299
Q9UGT4,SUSD2,SUSD2_HUMAN,Sushi domain-containing protein 2,822
Q9UHF4,IL20RA,I20RA_HUMAN,Interleukin-20 receptor subunit alpha,553
Q9UIB8,CD84,SLAF5_HUMAN,SLAM family member 5,345
Q9UII7,Unknown,Q9UII7_HUMAN,similar to E-cadherin,901
Q9UIK5,TMEFF2,TEFF2_HUMAN,Tomoregulin-2,374
Q9UIW2,PLXNA1,PLXA1_HUMAN,Plexin-A1,1896
Q9UJ90,KCNE5,KCNE5_HUMAN,Potassium voltage-gated channel subfamily E regulatory beta subunit 5,142
Q9UJ99,CDH22,CAD22_HUMAN,Cadherin-22,828
Q9UJQ1,LAMP5,LAMP5_HUMAN,Lysosome-associated membrane glycoprotein 5,280
Q9UK23,NAGPA,NAGPA_HUMAN,N-acetylglucosamine-1-phosphodiester alpha-N-acetylglucosaminidase,515
Q9UKF2,ADAM30,ADA30_HUMAN,Disintegrin and metalloproteinase domain-containing protein 30,790
Q9UKF5,ADAM29,ADA29_HUMAN,Disintegrin and metalloproteinase domain-containing protein 29,820
Q9UKH3,ERVK-9,ENK9_HUMAN,Endogenous retrovirus group K member 9 Env polyprotein,698
Q9UKJ0,PILRB,PILRB_HUMAN,Paired immunoglobulin-like type 2 receptor beta,227
Q9UKJ1,PILRA,PILRA_HUMAN,Paired immunoglobulin-like type 2 receptor alpha,303
Q9UKJ8,ADAM21,ADA21_HUMAN,Disintegrin and metalloproteinase domain-containing protein 21,722
Q9UKN1,MUC12,MUC12_HUMAN,Mucin-12,5478
Q9UKQ2,ADAM28,ADA28_HUMAN,Disintegrin and metalloproteinase domain-containing protein 28,775
Q9UKX5,ITGA11,ITA11_HUMAN,Integrin alpha-11,1188
Q9ULB1,NRXN1,NRX1A_HUMAN,Neurexin-1,1477
Q9ULB4,CDH9,CADH9_HUMAN,Cadherin-9,789
Q9ULB5,CDH7,CADH7_HUMAN,Cadherin-7,785
Q9ULC0,EMCN,MUCEN_HUMAN,Endomucin,261
Q9ULH4,LRFN2,LRFN2_HUMAN,Leucine-rich repeat and fibronectin type-III domain-containing protein 2,789
Q9ULI3,HEG1,HEG1_HUMAN,Protein HEG homolog 1,1381
Q9ULL4,PLXNB3,PLXB3_HUMAN,Plexin-B3,1909
Q9ULT6,ZNRF3,ZNRF3_HUMAN,E3 ubiquitin-protein ligase ZNRF3,936
Q9ULX7,CA14,CAH14_HUMAN,Carbonic anhydrase 14,337
Q9UM44,HHLA2,HHLA2_HUMAN,HERV-H LTR-associating protein 2,414
Q9UM47,NOTCH3,NOTC3_HUMAN,Neurogenic locus notch homolog protein 3,2321
Q9UM73,ALK,ALK_HUMAN,ALK tyrosine kinase receptor,1620
Q9UMF0,ICAM5,ICAM5_HUMAN,Intercellular adhesion molecule 5,924
Q9UN66,PCDHB8,PCDB8_HUMAN,Protocadherin beta-8,801
Q9UN67,PCDHB10,PCDBA_HUMAN,Protocadherin beta-10,800
Q9UN70,PCDHGC3,PCDGK_HUMAN,Protocadherin gamma-C3,934
Q9UN71,PCDHGB4,PCDGG_HUMAN,Protocadherin gamma-B4,923
Q9UN72,PCDHA7,PCDA7_HUMAN,Protocadherin alpha-7,937
Q9UN73,PCDHA6,PCDA6_HUMAN,Protocadherin alpha-6,950
Q9UN74,PCDHA4,PCDA4_HUMAN,Protocadherin alpha-4,947
Q9UN75,PCDHA12,PCDAC_HUMAN,Protocadherin alpha-12,941
Q9UNE0,EDAR,EDAR_HUMAN,Tumor necrosis factor receptor superfamily member EDAR,448
Q9UNN8,PROCR,EPCR_HUMAN,Endothelial protein C receptor,238
Q9UPX0,IGSF9B,TUTLB_HUMAN,Protein turtle homolog B,1349
Q9UPZ6,THSD7A,THS7A_HUMAN,Thrombospondin type-1 domain-containing protein 7A,1657
Q9UQC9,CLCA2,CLCA2_HUMAN,Calcium-activated chloride channel regulator 2,943
Q9UQF0,ERVW-1,SYCY1_HUMAN,Syncytin-1,538
Q9UQV4,LAMP3,LAMP3_HUMAN,Lysosome-associated membrane glycoprotein 3,416
Q9Y219,JAG2,JAG2_HUMAN,Protein jagged-2,1238
Q9Y286,SIGLEC7,SIGL7_HUMAN,Sialic acid-binding Ig-like lectin 7,467
Q9Y2C9,TLR6,TLR6_HUMAN,Toll-like receptor 6,796
Q9Y336,SIGLEC9,SIGL9_HUMAN,Sialic acid-binding Ig-like lectin 9,463
Q9Y3P8,SIT1,SIT1_HUMAN,Signaling threshold-regulating transmembrane adapter 1,196
Q9Y493,ZAN,ZAN_HUMAN,Zonadhesin,2812
Q9Y4C0,NRXN3,NRX3A_HUMAN,Neurexin-3,1643
Q9Y561,LRP12,LRP12_HUMAN,Low-density lipoprotein receptor-related protein 12,859
Q9Y5E1,PCDHB9,PCDB9_HUMAN,Protocadherin beta-9,797
Q9Y5E2,PCDHB7,PCDB7_HUMAN,Protocadherin beta-7,793
Q9Y5E3,PCDHB6,PCDB6_HUMAN,Protocadherin beta-6,794
Q9Y5E4,PCDHB5,PCDB5_HUMAN,Protocadherin beta-5,795
Q9Y5E5,PCDHB4,PCDB4_HUMAN,Protocadherin beta-4,795
Q9Y5E6,PCDHB3,PCDB3_HUMAN,Protocadherin beta-3,796
Q9Y5E7,PCDHB2,PCDB2_HUMAN,Protocadherin beta-2,798
Q9Y5E8,PCDHB15,PCDBF_HUMAN,Protocadherin beta-15,787
Q9Y5E9,PCDHB14,PCDBE_HUMAN,Protocadherin beta-14,798
Q9Y5F0,PCDHB13,PCDBD_HUMAN,Protocadherin beta-13,798
Q9Y5F1,PCDHB12,PCDBC_HUMAN,Protocadherin beta-12,795
Q9Y5F2,PCDHB11,PCDBB_HUMAN,Protocadherin beta-11,797
Q9Y5F3,PCDHB1,PCDB1_HUMAN,Protocadherin beta-1,818
Q9Y5F6,PCDHGC5,PCDGM_HUMAN,Protocadherin gamma-C5,944
Q9Y5F7,PCDHGC4,PCDGL_HUMAN,Protocadherin gamma-C4,938
Q9Y5F8,PCDHGB7,PCDGJ_HUMAN,Protocadherin gamma-B7,929
Q9Y5F9,PCDHGB6,PCDGI_HUMAN,Protocadherin gamma-B6,930
Q9Y5G0,PCDHGB5,PCDGH_HUMAN,Protocadherin gamma-B5,923
Q9Y5G1,PCDHGB3,PCDGF_HUMAN,Protocadherin gamma-B3,929
Q9Y5G2,PCDHGB2,PCDGE_HUMAN,Protocadherin gamma-B2,931
Q9Y5G3,PCDHGB1,PCDGD_HUMAN,Protocadherin gamma-B1,927
Q9Y5G4,PCDHGA9,PCDG9_HUMAN,Protocadherin gamma-A9,932
Q9Y5G5,PCDHGA8,PCDG8_HUMAN,Protocadherin gamma-A8,932
Q9Y5G6,PCDHGA7,PCDG7_HUMAN,Protocadherin gamma-A7,932
Q9Y5G7,PCDHGA6,PCDG6_HUMAN,Protocadherin gamma-A6,932
Q9Y5G8,PCDHGA5,PCDG5_HUMAN,Protocadherin gamma-A5,931
Q9Y5G9,PCDHGA4,PCDG4_HUMAN,Protocadherin gamma-A4,962
Q9Y5H0,PCDHGA3,PCDG3_HUMAN,Protocadherin gamma-A3,932
Q9Y5H1,PCDHGA2,PCDG2_HUMAN,Protocadherin gamma-A2,932
Q9Y5H2,PCDHGA11,PCDGB_HUMAN,Protocadherin gamma-A11,935
Q9Y5H3,PCDHGA10,PCDGA_HUMAN,Protocadherin gamma-A10,936
Q9Y5H4,PCDHGA1,PCDG1_HUMAN,Protocadherin gamma-A1,931
Q9Y5H5,PCDHA9,PCDA9_HUMAN,Protocadherin alpha-9,950
Q9Y5H6,PCDHA8,PCDA8_HUMAN,Protocadherin alpha-8,950
Q9Y5H7,PCDHA5,PCDA5_HUMAN,Protocadherin alpha-5,936
Q9Y5H8,PCDHA3,PCDA3_HUMAN,Protocadherin alpha-3,950
Q9Y5H9,PCDHA2,PCDA2_HUMAN,Protocadherin alpha-2,948
Q9Y5I0,PCDHA13,PCDAD_HUMAN,Protocadherin alpha-13,950
Q9Y5I1,PCDHA11,PCDAB_HUMAN,Protocadherin alpha-11,949
Q9Y5I2,PCDHA10,PCDAA_HUMAN,Protocadherin alpha-10,948
Q9Y5I3,PCDHA1,PCDA1_HUMAN,Protocadherin alpha-1,950
Q9Y5I4,PCDHAC2,PCDC2_HUMAN,Protocadherin alpha-C2,1007
Q9Y5R2,MMP24,MMP24_HUMAN,Matrix metalloproteinase-24,645
Q9Y5U5,TNFRSF18,TNR18_HUMAN,Tumor necrosis factor receptor superfamily member 18,241
Q9Y5Y7,LYVE1,LYVE1_HUMAN,Lymphatic vessel endothelial hyaluronic acid receptor 1,322
Q9Y5Z0,BACE2,BACE2_HUMAN,Beta-secretase 2,518
Q9Y624,F11R,JAM1_HUMAN,Junctional adhesion molecule A,299
Q9Y639,NPTN,NPTN_HUMAN,Neuroplastin,398
Q9Y6H6,KCNE3,KCNE3_HUMAN,Potassium voltage-gated channel subfamily E member 3,103
Q9Y6J6,KCNE2,KCNE2_HUMAN,Potassium voltage-gated channel subfamily E member 2,123
Q9Y6N7,ROBO1,ROBO1_HUMAN,Roundabout homolog 1,1651
Q9Y6N8,CDH10,CAD10_HUMAN,Cadherin-10,788
Q9Y6Q6,TNFRSF11A,TNR11_HUMAN,Tumor necrosis factor receptor superfamily member 11A,616
Q9Y6W8,ICOS,ICOS_HUMAN,Inducible T-cell costimulator,199
Q9Y6X5,ENPP4,ENPP4_HUMAN,Bis(5'-adenosyl)-triphosphatase ENPP4,453
W5XKT8,SPACA6,SACA6_HUMAN,Sperm acrosome membrane-associated protein 6,324
X5D8X5,CDH10,X5D8X5_HUMAN,Cadherin 10 type 2 isoform A,788
X5DNG6,CDH10,X5DNG6_HUMAN,Cadherin 10 type 2 isoform B ,786
X6R3Y6,CDH8,X6R3Y6_HUMAN,similar to Cadherin-8,745